{
    "name": "root",
    "gauges": {
        "FindGoal.Policy.Entropy.mean": {
            "value": 1.2146594524383545,
            "min": 1.2146594524383545,
            "max": 1.418938398361206,
            "count": 41
        },
        "FindGoal.Policy.Entropy.sum": {
            "value": 14721.6728515625,
            "min": 14393.5146484375,
            "max": 17668.62109375,
            "count": 41
        },
        "FindGoal.Environment.EpisodeLength.mean": {
            "value": 7.213552361396304,
            "min": 7.213552361396304,
            "max": 14.503875968992247,
            "count": 41
        },
        "FindGoal.Environment.EpisodeLength.sum": {
            "value": 10539.0,
            "min": 10539.0,
            "max": 11226.0,
            "count": 41
        },
        "FindGoal.Step.mean": {
            "value": 491994.0,
            "min": 11998.0,
            "max": 491994.0,
            "count": 41
        },
        "FindGoal.Step.sum": {
            "value": 491994.0,
            "min": 11998.0,
            "max": 491994.0,
            "count": 41
        },
        "FindGoal.Policy.ExtrinsicValueEstimate.mean": {
            "value": 0.8761326670646667,
            "min": -0.609127938747406,
            "max": 0.8778570890426636,
            "count": 41
        },
        "FindGoal.Policy.ExtrinsicValueEstimate.sum": {
            "value": 1280.02978515625,
            "min": -500.0940246582031,
            "max": 1280.02978515625,
            "count": 41
        },
        "FindGoal.Environment.CumulativeReward.mean": {
            "value": 0.8754277891854894,
            "min": -0.6414435389988359,
            "max": 0.8863801893663511,
            "count": 41
        },
        "FindGoal.Environment.CumulativeReward.sum": {
            "value": 1279.0,
            "min": -551.0,
            "max": 1279.0,
            "count": 41
        },
        "FindGoal.Policy.ExtrinsicReward.mean": {
            "value": 0.8754277891854894,
            "min": -0.6414435389988359,
            "max": 0.8863801893663511,
            "count": 41
        },
        "FindGoal.Policy.ExtrinsicReward.sum": {
            "value": 1279.0,
            "min": -551.0,
            "max": 1279.0,
            "count": 41
        },
        "FindGoal.IsTraining.mean": {
            "value": 1.0,
            "min": 1.0,
            "max": 1.0,
            "count": 41
        },
        "FindGoal.IsTraining.sum": {
            "value": 1.0,
            "min": 1.0,
            "max": 1.0,
            "count": 41
        },
        "FindGoal.Losses.PolicyLoss.mean": {
            "value": 0.09858090520559175,
            "min": 0.09160645912217105,
            "max": 0.10274204847828901,
            "count": 40
        },
        "FindGoal.Losses.PolicyLoss.sum": {
            "value": 0.09858090520559175,
            "min": 0.09160645912217105,
            "max": 0.10274204847828901,
            "count": 40
        },
        "FindGoal.Losses.ValueLoss.mean": {
            "value": 0.10069304077143976,
            "min": 0.10069304077143976,
            "max": 0.5299445371576809,
            "count": 40
        },
        "FindGoal.Losses.ValueLoss.sum": {
            "value": 0.10069304077143976,
            "min": 0.10069304077143976,
            "max": 0.5299445371576809,
            "count": 40
        },
        "FindGoal.Policy.LearningRate.mean": {
            "value": 1.1773296075599985e-05,
            "min": 1.1773296075599985e-05,
            "max": 0.0002927892024036,
            "count": 40
        },
        "FindGoal.Policy.LearningRate.sum": {
            "value": 1.1773296075599985e-05,
            "min": 1.1773296075599985e-05,
            "max": 0.0002927892024036,
            "count": 40
        },
        "FindGoal.Policy.Epsilon.mean": {
            "value": 0.10392440000000003,
            "min": 0.10392440000000003,
            "max": 0.19759640000000003,
            "count": 40
        },
        "FindGoal.Policy.Epsilon.sum": {
            "value": 0.10392440000000003,
            "min": 0.10392440000000003,
            "max": 0.19759640000000003,
            "count": 40
        },
        "FindGoal.Policy.Beta.mean": {
            "value": 4.885155999999996e-05,
            "min": 4.885155999999996e-05,
            "max": 0.00097620436,
            "count": 40
        },
        "FindGoal.Policy.Beta.sum": {
            "value": 4.885155999999996e-05,
            "min": 4.885155999999996e-05,
            "max": 0.00097620436,
            "count": 40
        }
    },
    "metadata": {
        "timer_format_version": "0.1.0",
        "start_time_seconds": "1684467297",
        "python_version": "3.6.2 (v3.6.2:5fd33b5, Jul  8 2017, 04:57:36) [MSC v.1900 64 bit (AMD64)]",
        "command_line_arguments": "C:\\Python\\3.6.2\\Scripts\\mlagents-learn 3DBall.yaml --run-id=myMoveBall",
        "mlagents_version": "0.28.0",
        "mlagents_envs_version": "0.28.0",
        "communication_protocol_version": "1.5.0",
        "pytorch_version": "1.7.1+cu110",
        "numpy_version": "1.19.5",
        "end_time_seconds": "1684468294"
    },
    "total": 997.6140755,
    "count": 1,
    "self": 0.005833599999959915,
    "children": {
        "run_training.setup": {
            "total": 0.0740702,
            "count": 1,
            "self": 0.0740702
        },
        "TrainerController.start_learning": {
            "total": 997.5341717,
            "count": 1,
            "self": 0.971898799986775,
            "children": {
                "TrainerController._reset_env": {
                    "total": 35.2148627,
                    "count": 1,
                    "self": 35.2148627
                },
                "TrainerController.advance": {
                    "total": 961.2906045000132,
                    "count": 48125,
                    "self": 0.823469200006457,
                    "children": {
                        "env_step": {
                            "total": 387.49934029999935,
                            "count": 48125,
                            "self": 355.4360219999957,
                            "children": {
                                "SubprocessEnvManager._take_step": {
                                    "total": 31.55971789998997,
                                    "count": 48126,
                                    "self": 1.088828499989397,
                                    "children": {
                                        "TorchPolicy.evaluate": {
                                            "total": 30.470889400000573,
                                            "count": 12712,
                                            "self": 12.60970449999359,
                                            "children": {
                                                "TorchPolicy.sample_actions": {
                                                    "total": 17.861184900006982,
                                                    "count": 12712,
                                                    "self": 17.861184900006982
                                                }
                                            }
                                        }
                                    }
                                },
                                "workers": {
                                    "total": 0.5036004000136458,
                                    "count": 48125,
                                    "self": 0.0,
                                    "children": {
                                        "worker_root": {
                                            "total": 940.9213637999974,
                                            "count": 48125,
                                            "is_parallel": true,
                                            "self": 652.5414636999925,