{"count":1,"self":157.1871104,"total":859.7226076,"children":{"InitializeActuators":{"count":10,"self":0.0020066999999999997,"total":0.0020066999999999997,"children":null},"InitializeSensors":{"count":10,"self":0.0020139999999999997,"total":0.0020139999999999997,"children":null},"AgentSendState":{"count":450317,"self":8.5911896,"total":12.023469299999999,"children":{"CollectObservations":{"count":450320,"self":0.0935054,"total":0.0935054,"children":null},"WriteActionMask":{"count":450320,"self":0.097502499999999992,"total":0.097502499999999992,"children":null},"RequestDecision":{"count":450320,"self":0.464211,"total":3.241272,"children":{"AgentInfo.ToProto":{"count":450320,"self":0.5456264,"total":2.777061,"children":{"GenerateSensorData":{"count":450320,"self":1.6371801,"total":2.2314346,"children":{"RayPerceptionSensor.Perceive":{"count":450320,"self":0.5942545,"total":0.5942545,"children":null}}}}}}}}},"DecideAction":{"count":450317,"self":683.329536,"total":683.329529,"children":null},"AgentAct":{"count":450317,"self":6.7814847999999994,"total":6.8265544,"children":{"AgentInfo.ToProto":{"count":4494,"self":0.0100099,"total":0.0450698,"children":{"GenerateSensorData":{"count":4494,"self":0.0235311,"total":0.0350599,"children":{"RayPerceptionSensor.Perceive":{"count":4494,"self":0.011528799999999999,"total":0.011528799999999999,"children":null}}}}}}},"AgentInfo.ToProto":{"count":20950,"self":0.090320199999999989,"total":0.3519271,"children":{"GenerateSensorData":{"count":20950,"self":0.21396969999999998,"total":0.2616069,"children":{"RayPerceptionSensor.Perceive":{"count":20950,"self":0.0476372,"total":0.0476372,"children":null}}}}}},"gauges":{"FindGoal.CumulativeReward":{"count":25444,"max":2,"min":-2,"runningAverage":-0.556360841,"value":-1,"weightedAverage":-0.796510339}},"metadata":{"timer_format_version":"0.1.0","start_time_seconds":"1683292010","unity_version":"2021.3.17f1","command_line_arguments":"C:\\Program Files\\Unity\\Hub\\Editor\\2021.3.17f1\\Editor\\Unity.exe -projectpath C:\\Users\\user\\Desktop\\Unity Games\\TestML-Agents -useHub -hubIPC -cloudEnvironment production","communication_protocol_version":"1.5.0","com.unity.ml-agents_version":"2.3.0-exp.3","scene_name":"SampleScene","end_time_seconds":"1683292869"}}