{"count":1,"self":90.363027199999991,"total":938.4535867,"children":{"InitializeActuators":{"count":40,"self":0.0020004,"total":0.0020004,"children":null},"InitializeSensors":{"count":40,"self":0.0049992,"total":0.0049992,"children":null},"AgentSendState":{"count":125001,"self":42.380463999999996,"total":57.397035599999995,"children":{"CollectObservations":{"count":500040,"self":1.3461353999999999,"total":1.3461353999999999,"children":null},"WriteActionMask":{"count":500040,"self":0.27515259999999997,"total":0.27515259999999997,"children":null},"RequestDecision":{"count":500040,"self":2.2510475999999997,"total":13.395284,"children":{"AgentInfo.ToProto":{"count":500040,"self":1.1732162,"total":11.144236399999999,"children":{"GenerateSensorData":{"count":500040,"self":6.5857747999999994,"total":9.9710202,"children":{"RayPerceptionSensor.Perceive":{"count":500040,"self":3.3852455999999997,"total":3.3852455,"children":null}}}}}}}}},"DecideAction":{"count":125001,"self":769.4079488,"total":769.4079353,"children":null},"AgentAct":{"count":125001,"self":19.339356799999997,"total":20.9167348,"children":{"AgentInfo.ToProto":{"count":39441,"self":0.25439849999999997,"total":1.5773777999999998,"children":{"GenerateSensorData":{"count":39441,"self":0.9423494,"total":1.3229792999999999,"children":{"RayPerceptionSensor.Perceive":{"count":39441,"self":0.38062989999999997,"total":0.38062989999999997,"children":null}}}}}}},"AgentInfo.ToProto":{"count":7955,"self":0.067015499999999992,"total":0.3608577,"children":{"GenerateSensorData":{"count":7955,"self":0.22068179999999998,"total":0.2938422,"children":{"RayPerceptionSensor.Perceive":{"count":7955,"self":0.0731604,"total":0.0731604,"children":null}}}}}},"gauges":{"FindGoal.CumulativeReward":{"count":47396,"max":2,"min":-2,"runningAverage":0.7086669,"value":1,"weightedAverage":1.04671264}},"metadata":{"timer_format_version":"0.1.0","start_time_seconds":"1684467356","unity_version":"2021.3.17f1","command_line_arguments":"C:\\Program Files\\Unity\\Hub\\Editor\\2021.3.17f1\\Editor\\Unity.exe -projectpath C:\\Users\\user\\Desktop\\Unity Games\\TestML -useHub -hubIPC -cloudEnvironment production","communication_protocol_version":"1.5.0","com.unity.ml-agents_version":"2.3.0-exp.3","scene_name":"ShootingScene","end_time_seconds":"1684468294"}}